,判決結果
711,0
5160,0
18292,1
7311,0
2097,0
3129,0
13431,0
14748,0
3558,0
17650,0
3687,0
8416,0
12635,0
2844,0
9957,0
10437,0
12459,0
14987,0
15913,0
3018,0
4115,0
10261,0
3325,0
13336,0
17432,0
14101,0
5668,0
3928,0
17141,0
18924,1
133,0
4015,0
8964,0
9686,0
7356,0
4254,0
17103,0
15611,0
1838,0
1033,0
7947,0
2043,0
1772,0
16366,0
10497,0
1496,0
494,0
5845,0
11340,0
17007,0
17269,0
14470,0
18206,0
14350,0
15722,0
7541,0
7780,0
8005,0
5733,0
6839,0
15608,0
7251,0
7339,0
18834,1
14570,0
8196,0
6115,0
3674,0
4638,0
14194,0
10312,0
3946,0
6274,0
16359,0
7567,0
7582,0
12879,0
6489,0
5718,0
6418,0
8024,0
5019,0
2115,0
14535,0
9443,0
9344,0
15673,0
12187,0
2315,0
12579,0
16309,0
13573,0
12240,0
3337,0
11881,0
13714,0
18512,1
16627,0
5484,0
6268,0
18523,0
12277,0
11853,0
12991,0
13352,0
650,0
11387,0
6674,0
6294,0
10642,0
14548,0
9989,0
2136,0
5170,0
1842,0
4890,0
6848,0
17829,0
12848,0
15413,0
11171,0
3065,0
9396,0
1456,0
8445,0
1388,0
6277,0
1064,0
3897,0
6783,0
13057,0
2747,0
17118,0
2002,0
12787,0
3263,0
5860,0
3992,0
1808,0
9700,0
586,0
14410,0
12690,0
8296,0
7317,0
3596,0
15530,0
5654,0
17588,0
16258,0
14876,0
5331,0
12935,0
30,0
5041,0
1599,0
13117,0
871,0
8948,0
9878,0
15550,0
1806,0
13914,0
5022,0
17167,0
13779,0
12099,0
15302,0
15604,0
556,0
3300,0
15519,0
18520,1
14551,0
10162,0
15427,0
17962,0
1574,0
15996,0
8020,0
15591,0
13955,0
17138,0
321,0
15663,0
5546,0
9510,0
15585,0
14749,0
4911,0
498,0
5812,0
1091,0
11088,0
6936,0
18718,1
5617,0
13125,0
12686,0
7144,0
17111,0
8010,0
17328,0
13009,0
1633,0
2376,0
2680,0
5500,0
8025,0
7764,0
2379,0
6437,0
2260,0
14560,0
4743,0
15669,0
1159,0
11782,0
9740,0
596,0
15904,0
4184,0
1906,0
14224,0
669,0
17311,0
1413,0
17258,0
3432,0
11679,0
10151,0
7573,0
4085,0
6018,0
9262,0
4409,0
16949,0
14131,0
14680,0
1119,0
15178,0
9909,0
16484,0
18979,1
11327,0
6139,0
13627,0
990,0
496,0
1515,0
12356,0
10875,0
2815,0
4727,0
5268,0
10921,0
9079,0
18213,1
11404,0
2939,0
7013,0
9821,0
4783,0
2505,0
10107,0
17489,0
15748,0
10498,0
5916,0
14081,0
10975,0
5851,0
7140,0
12501,0
10318,0
11317,0
8336,0
8787,0
2722,0
16002,0
5379,0
11241,0
18881,1
16275,0
9059,0
15833,0
7447,0
8901,0
13393,0
5262,0
3420,0
4870,0
17113,0
10560,0
13397,0
18437,0
4266,0
4132,0
1773,0
144,0
5098,0
2991,0
18254,1
6194,0
13782,0
10907,0
11479,0
16784,0
13938,0
12902,0
14168,0
6136,0
3401,0
11664,0
9001,0
14058,0
5389,0
8618,0
11734,0
593,0
18289,1
3657,0
5382,0
17671,0
8823,0
3580,0
16721,0
13252,0
7613,0
12930,0
15957,0
8079,0
13465,0
4,0
14689,0
2399,0
5259,0
8388,0
3870,0
2625,0
10530,0
14546,0
14239,0
14985,0
9054,0
6145,0
8656,0
17808,0
14033,0
15457,0
12131,0
18299,0
13300,0
8533,0
4835,0
1821,0
12540,0
8908,0
6292,0
11276,0
12532,0
1895,0
12932,0
16362,0
6455,0
14962,0
9240,0
2746,0
1154,0
2977,0
1923,0
11217,0
12230,0
6498,0
13056,0
17957,0
9074,0
10683,0
11916,0
15396,0
362,0
5461,0
13601,0
1714,0
5030,0
12486,0
2775,0
17911,0
15823,0
4319,0
6310,0
1434,0
16418,0
8739,0
16900,0
14476,0
1964,0
12711,0
470,0
7732,0
673,0
11682,0
719,0
4542,0
3713,0
16733,0
15201,0
12559,0
7851,0
224,0
18725,1
1531,0
14026,0
7380,0
1623,0
1284,0
15553,0
15488,0
8440,0
3261,0
655,0
18396,0
10383,0
17497,0
14643,0
9990,0
16798,0
13947,0
16623,0
4230,0
6378,0
8045,0
554,0
10842,0
8756,0
6876,0
9929,0
18750,1
4491,0
8232,0
1039,0
14167,0
10733,0
15486,0
6033,0
613,0
18731,1
11636,0
6900,0
14226,0
3180,0
3177,0
17119,0
18215,1
3033,0
13905,0
15300,0
15188,0
16056,0
14379,0
16347,0
18990,1
15045,0
5827,0
11435,0
6943,0
6582,0
16608,0
13160,0
11392,0
9382,0
5410,0
2264,0
1092,0
4414,0
9614,0
18682,1
17310,0
6480,0
15195,0
1051,0
13802,0
541,0
5635,0
14292,0
15461,0
14921,0
18949,1
2724,0
17580,0
18445,0
12412,0
7818,0
2627,0
2829,0
15621,0
12857,0
17329,0
1914,0
3805,0
7607,0
3248,0
15043,0
16636,0
12336,0
4072,0
3772,0
2819,0
13872,0
14855,0
13304,0
10346,0
10137,0
15105,0
16697,0
10133,0
8705,0
13967,0
8071,0
8274,0
2012,0
17604,0
11342,0
14085,0
10463,0
245,0
11383,0
8327,0
8695,0
15138,0
11971,0
12007,0
16866,0
15388,0
9762,0
11627,0
15542,0
1507,0
7408,0
10391,0
9941,0
8159,0
6051,0
17403,0
450,0
5508,0
18419,0
11303,0
17944,0
13485,0
13068,0
9702,0
1442,0
18367,1
12979,0
5007,0
12418,0
16834,0
11306,0
8761,0
940,0
10196,0
2931,0
13621,0
18857,1
13317,0
17147,0
8047,0
5477,0
1035,0
4459,0
9444,0
7989,0
3122,0
14430,0
18795,1
17629,0
6842,0
13883,0
14412,0
14184,0
4559,0
2325,0
18317,0
11944,0
6862,0
4940,0
10748,0
9504,0
7553,0
12246,0
6450,0
4224,0
17972,0
11570,0
16198,0
6154,0
9757,0
15878,0
11338,0
11625,0
6804,0
622,0
3697,0
18214,1
10272,0
16752,0
8207,0
8022,0
18982,1
18595,1
2022,0
8641,0
1163,0
11163,0
9693,0
15756,0
15008,0
481,0
5679,0
7516,0
11309,0
17288,0
6227,0
8360,0
13019,0
16325,0
8643,0
4473,0
15786,0
5593,0
3431,0
10212,0
5052,0
6300,0
16102,0
18515,1
5247,0
7036,0
3868,0
5277,0
7781,0
11015,0
8091,0
16193,0
17997,0
18143,1
4097,0
4776,0
15286,0
18691,1
7540,0
10511,0
11238,0
10941,0
7362,0
3501,0
11197,0
15320,0
5294,0
16069,0
16507,0
4882,0
17185,0
15882,0
16576,0
17674,0
13255,0
11594,0
4450,0
1781,0
8768,0
12685,0
7569,0
10905,0
5728,0
14839,0
10186,0
10403,0
18913,1
12861,0
11812,0
15762,0
4921,0
5849,0
11183,0
18981,1
6141,0
9850,0
16720,0
12030,0
11798,0
18837,1
9967,0
13537,0
14706,0
4786,0
4407,0
18417,1
9622,0
2877,0
10230,0
7826,0
16162,0
1031,0
15726,0
7446,0
12648,0
17794,0
10935,0
16168,0
6019,0
13593,0
9451,0
16571,0
1813,0
822,0
10491,0
14248,0
18242,1
9758,0
2749,0
18488,1
7699,0
12698,0
11108,0
13156,0
9356,0
2764,0
14863,0
14928,0
4177,0
6071,0
989,0
17546,0
1110,0
1615,0
12513,0
8894,0
8562,0
4824,0
10444,0
2545,0
13306,0
6029,0
729,0
1210,0
13658,0
14506,0
3227,0
15565,0
14984,0
14385,0
5415,0
5393,0
16215,0
7015,0
18047,0
14316,0
10395,0
17374,0
17620,0
5276,0
3606,0
18032,0
11586,0
11008,0
7903,0
14459,0
4431,0
1655,0
10682,0
18969,1
5619,0
12460,0
2423,0
13422,0
11007,0
12159,0
13279,0
2673,0
6997,0
6830,0
11226,0
797,0
7294,0
9496,0
15671,0
15733,0
6799,0
11378,0
11130,0
10542,0
292,0
9245,0
12097,0
17398,0
16331,0
2654,0
5895,0
13130,0
11751,0
2036,0
13786,0
14286,0
15000,0
1257,0
9287,0
6332,0
5347,0
4291,0
1324,0
4250,0
2795,0
12568,0
16410,0
17452,0
2086,0
10701,0
6459,0
8456,0
5024,0
3856,0
1770,0
10347,0
7158,0
7396,0
17676,0
13023,0
2238,0
18696,1
7461,0
16381,0
14529,0
1512,0
19012,1
3710,0
2159,0
5696,0
4119,0
11223,0
16983,0
14123,0
6789,0
9756,0
2409,0
1501,0
1086,0
1985,0
6193,0
1103,0
7383,0
16178,0
2851,0
2873,0
14461,0
3597,0
17635,0
15047,0
6401,0
7803,0
14374,0
11188,0
15667,0
3942,0
14035,0
6446,0
18366,0
15637,0
16249,0
18729,1
9436,0
5131,0
2988,0
17553,0
3107,0
12620,0
795,0
8941,0
7231,0
16896,0
18757,1
12484,0
8591,0
7740,0
8559,0
6084,0
18739,1
3759,0
18099,0
13794,0
18320,1
9094,0
173,0
3969,0
18828,1
18721,1
2485,0
6275,0
14032,0
18855,1
8042,0
5859,0
15966,0
2672,0
11165,0
13702,0
239,0
2561,0
8218,0
17142,0
18505,1
9386,0
14128,0
18961,1
8306,0
786,0
17527,0
11584,0
13284,0
2032,0
4674,0
1277,0
17813,0
5822,0
7805,0
8304,0
18570,1
9338,0
7486,0
10189,0
11940,0
6807,0
5285,0
14590,0
2192,0
2905,0
12594,0
13853,0
17743,0
10937,0
18072,0
15446,0
18226,0
10303,0
9468,0
9246,0
9783,0
17602,0
15103,0
9684,0
7099,0
17248,0
4499,0
10373,0
17233,0
465,0
10934,0
4600,0
1946,0
1994,0
1788,0
2210,0
17976,0
16514,0
2434,0
14997,0
13735,0
18572,1
15013,0
4301,0
17071,0
17193,0
12449,0
14308,0
6113,0
14136,0
10298,0
3986,0
10976,0
14279,0
16003,0
6038,0
591,0
8076,0
12391,0
6769,0
7642,0
2374,0
4217,0
18872,1
9754,0
9066,0
4685,0
15785,0
12262,0
5210,0
4657,0
11080,0
18821,1
14722,0
1874,0
7159,0
9730,0
16401,0
2541,0
17448,0
8038,0
2234,0
7899,0
1693,0
3342,0
3387,0
14108,0
14040,0
5909,0
10004,0
7097,0
16502,0
14896,0
18717,1
15814,0
4050,0
7673,0
12886,0
3914,0
11258,0
11762,0
12954,0
16016,0
9791,0
12820,0
17556,0
12651,0
3512,0
8031,0
474,0
201,0
12833,0
18277,1
7387,0
12679,0
438,0
7454,0
11631,0
19033,1
17389,0
6173,0
13834,0
13909,0
18730,1
3257,0
10996,0
3108,0
3640,0
8503,0
15087,0
5984,0
5806,0
4656,0
17753,0
4998,0
4900,0
2355,0
721,0
3952,0
16895,0
10896,0
818,0
5552,0
17211,0
4235,0
14757,0
18043,0
16341,0
6693,0
18547,1
14683,0
4131,0
17653,0
14327,0
13345,0
8674,0
18645,1
10797,0
4672,0
9544,0
8255,0
4388,0
7152,0
18642,1
1639,0
8609,0
16343,0
3185,0
3252,0
2739,0
18580,1
13082,0
15562,0
13391,0
1444,0
4909,0
330,0
16263,0
9970,0
12063,0
3537,0
16845,0
17665,0
11459,0
5403,0
16746,0
4134,0
6453,0
7707,0
19014,1
14879,0
4447,0
15029,0
2495,0
1999,0
16693,0
18936,1
16734,0
2197,0
18514,0
12106,0
4113,0
18610,1
11833,0
16768,0
5045,0
1550,0
17128,0
98,0
8593,0
17170,0
13527,0
16607,0
15383,0
14434,0
9668,0
12517,0
11953,0
8547,0
17262,0
15721,0
8561,0
1006,0
5375,0
15399,0
7601,0
13850,0
17866,0
12181,0
9308,0
16226,0
12088,0
7401,0
13542,0
1021,0
10056,0
13448,0
15816,0
9871,0
18306,0
16377,0
7090,0
2191,0
14206,0
8888,0
17842,0
226,0
16108,0
10351,0
5332,0
3449,0
18992,1
4345,0
9367,0
824,0
16468,0
6912,0
1543,0
4574,0
16750,0
8111,0
14195,0
17515,0
9503,0
17428,0
1432,0
8856,0
7921,0
13502,0
8987,0
17047,0
8321,0
3168,0
3306,0
10271,0
15659,0
7001,0
18060,0
5399,0
4660,0
4189,0
7472,0
12236,0
1083,0
17979,0
4932,0
15460,0
15771,0
6500,0
14756,0
11499,0
11455,0
18756,1
4353,0
16186,0
12347,0
8671,0
11301,0
11689,0
7735,0
10315,0
6517,0
10490,0
13771,0
16313,0
17003,0
6664,0
7869,0
7398,0
9172,0
18621,1
324,0
15312,0
13080,0
788,0
499,0
8493,0
13425,0
14916,0
16724,0
11216,0
12062,0
7177,0
11591,0
13915,0
1903,0
14884,0
18288,1
464,0
8675,0
16889,0
16409,0
1095,0
9302,0
7171,0
4071,0
12798,0
11804,0
6328,0
17203,0
9514,0
2732,0
4825,0
13499,0
14442,0
6346,0
12940,0
7742,0
8437,0
6286,0
2329,0
14181,0
1011,0
10820,0
9159,0
10284,0
6698,0
18125,0
18896,1
18028,0
11532,0
13695,0
11439,0
15053,0
9812,0
5509,0
14201,0
1078,0
15918,0
16430,0
792,0
15813,0
14307,0
12766,0
11651,0
3890,0
14898,0
16922,0
17758,0
14371,0
5413,0
5049,0
14429,0
647,0
3368,0
1965,0
1135,0
15010,0
662,0
4361,0
11456,0
5902,0
16373,0
974,0
8540,0
7192,0
17831,0
18930,1
16579,0
1523,0
14929,0
8166,0
12422,0
16087,0
18386,0
16370,0
3339,0
8965,0
7470,0
6209,0
18162,1
1437,0
4992,0
14232,0
7445,0
16739,0
15144,0
15466,0
17494,0
6995,0
17956,0
16973,0
16771,0
15664,0
13474,0
9254,0
18847,1
7137,0
2551,0
17306,0
10811,0
294,0
13280,0
7174,0
11159,0
6777,0
10608,0
3340,0
15078,0
7422,0
10381,0
5435,0
886,0
10620,0
15016,0
1511,0
4402,0
3939,0
17171,0
10643,0
14415,0
7915,0
10020,0
5990,0
12701,0
4080,0
3696,0
3545,0
10431,0
2778,0
4987,0
17846,0
15033,0
471,0
13957,0
6913,0
12564,0
7633,0
4894,0
7718,0
275,0
17678,0
13879,0
9341,0
6653,0
7765,0
2163,0
12549,0
2922,0
2997,0
16074,0
17289,0
2071,0
15289,0
6744,0
7427,0
2215,0
15294,0
3377,0
7873,0
8494,0
4061,0
10636,0
4265,0
18104,0
14146,0
15444,0
17423,0
5231,0
13,0
14275,0
10297,0
8027,0
17066,0
6356,0
2062,0
7263,0
233,0
3934,0
11048,0
5925,0
8535,0
13661,0
2701,0
14693,0
16104,0
10359,0
13643,0
1466,0
248,0
13010,0
13041,0
17668,0
4281,0
17871,0
13369,0
15941,0
16927,0
6982,0
7778,0
2559,0
5713,0
11575,0
16297,0
6056,0
11405,0
17206,0
10648,0
16471,0
7062,0
14851,0
18353,1
810,0
12373,0
18643,1
14236,0
17476,0
7945,0
11147,0
2328,0
18562,1
3607,0
6908,0
3760,0
1918,0
2759,0
9643,0
15539,0
15730,0
5873,0
13150,0
8826,0
14579,0
12617,0
2848,0
1843,0
4318,0
12824,0
8285,0
17661,0
17073,0
4403,0
16586,0
10973,0
10409,0
10626,0
1811,0
14247,0
15167,0
13758,0
2863,0
2510,0
1149,0
18374,0
13093,0
9117,0
2466,0
13249,0
2514,0
366,0
7769,0
18188,0
10269,0
13478,0
7480,0
7827,0
13912,0
18153,0
5885,0
9623,0
12396,0
8490,0
6713,0
6241,0
911,0
14428,0
4098,0
3706,0
10083,0
16557,0
1374,0
15174,0
7746,0
4938,0
3617,0
18928,1
14054,0
13557,0
3546,0
11783,0
683,0
3591,0
15491,0
13723,0
8203,0
4566,0
13299,0
13510,0
6382,0
9216,0
7199,0
14856,0
13607,0
15354,0
4404,0
102,0
6969,0
12853,0
8860,0
7697,0
18492,0
18402,0
3376,0
6570,0
7833,0
18428,0
13720,0
4178,0
15803,0
17793,0
473,0
17090,0
8654,0
10607,0
13969,0
10223,0
3743,0
9073,0
4058,0
13861,0
5252,0
17783,0
497,0
4528,0
17485,0
6756,0
8962,0
7412,0
8781,0
5562,0
15146,0
18677,1
8973,0
14494,0
15327,0
9870,0
4622,0
17810,0
17214,0
7225,0
14931,0
10750,0
18714,1
6386,0
3699,0
14172,0
11403,0
18062,0
10707,0
17841,0
4675,0
10710,0
6412,0
8418,0
13656,0
17967,0
291,0
6835,0
2492,0
15516,0
14306,0
1854,0
15072,0
6161,0
3990,0
18850,1
11616,0
8317,0
10369,0
13331,0
4408,0
8068,0
18040,0
14697,0
16433,0
2586,0
14729,0
6261,0
18935,1
12420,0
4654,0
14585,0
11002,0
8039,0
8805,0
16129,0
11955,0
4298,0
16044,0
5680,0
13325,0
11885,0
13290,0
6094,0
13437,0
7774,0
16641,0
17691,0
9472,0
8009,0
702,0
6044,0
16706,0
12652,0
4533,0
2544,0
15170,0
18078,0
2710,0
7435,0
6229,0
11244,0
7432,0
3079,0
1258,0
85,0
9769,0
16112,0
4601,0
8149,0
1106,0
1391,0
14527,0
17769,0
7485,0
11822,0
3283,0
11133,0
15588,0
13538,0
16398,0
8278,0
16686,0
11802,0
4382,0
14873,0
15797,0
16218,0
7830,0
13552,0
5112,0
16757,0
7675,0
12286,0
4790,0
2609,0
13608,0
11882,0
13535,0
10518,0
7821,0
14611,0
9045,0
13692,0
15605,0
2332,0
17978,0
14728,0
279,0
9419,0
2087,0
17619,0
3664,0
7721,0
7572,0
19042,1
17737,0
3075,0
13652,0
1213,0
18780,1
4053,0
8139,0
4010,0
4697,0
18819,1
1229,0
16948,0
463,0
9133,0
13472,0
11427,0
3955,0
17346,0
4027,0
8555,0
13539,0
5197,0
7705,0
2142,0
13592,0
13930,0
9077,0
11741,0
15859,0
4717,0
5442,0
14635,0
16071,0
4716,0
11623,0
16237,0
15164,0
17814,0
6050,0
3972,0
8080,0
4214,0
17983,0
3602,0
9751,0
11451,0
2999,0
12960,0
11384,0
14262,0
15202,0
12469,0
15792,0
1929,0
10894,0
17461,0
6243,0
13102,0
6198,0
15984,0
17121,0
4761,0
5433,0
11054,0
17936,0
8567,0
3680,0
12792,0
1717,0
14586,0
12160,0
18481,1
249,0
11810,0
8690,0
3895,0
16273,0
7211,0
2075,0
5988,0
10716,0
7175,0
13344,0
6743,0
12845,0
12025,0
5496,0
420,0
14397,0
8837,0
5482,0
7405,0
6880,0
1181,0
7977,0
18472,0
6341,0
1749,0
9051,0
5306,0
3821,0
9224,0
15452,0
9080,0
17370,0
4534,0
3731,0
12693,0
7156,0
18849,1
8052,0
14469,0
14504,0
2787,0
12655,0
4398,0
15028,0
10334,0
9705,0
5488,0
10909,0
17574,0
17865,0
3066,0
12928,0
6325,0
6397,0
2305,0
12543,0
12353,0
14151,0
1750,0
16436,0
5646,0
191,0
6143,0
5236,0
8415,0
8512,0
5581,0
3491,0
4819,0
11157,0
14762,0
1746,0
60,0
14255,0
10872,0
920,0
14918,0
3097,0
5223,0
407,0
8240,0
17628,0
5706,0
15670,0
1398,0
5760,0
2080,0
9631,0
17750,0
116,0
14025,0
10919,0
5320,0
18602,1
3120,0
14127,0
1237,0
12273,0
17241,0
4537,0
18346,1
3851,0
18109,0
14512,0
15290,0
17657,0
14661,0
1173,0
3654,0
13005,0
10052,0
17098,0
11464,0
10340,0
16431,0
12011,0
5068,0
9548,0
1635,0
17884,0
17877,0
10927,0
1690,0
2752,0
11194,0
18753,1
6573,0
13216,0
9263,0
6091,0
14283,0
11431,0
7535,0
11737,0
17484,0
18273,1
1136,0
9703,0
7269,0
16700,0
12956,0
16928,0
6502,0
14675,0
5367,0
7227,0
13007,0
17747,0
12366,0
16520,0
17120,0
11467,0
6796,0
10211,0
14,0
10512,0
8457,0
1048,0
2276,0
10231,0
16252,0
12034,0
6264,0
15374,0
13676,0
14440,0
3863,0
14313,0
9446,0
2566,0
3754,0
208,0
19037,1
12630,0
3434,0
15215,0
9043,0
3446,0
14060,0
10288,0
13471,0
17149,0
5401,0
2322,0
18012,0
592,0
11967,0
14369,0
15423,0
19022,1
12254,0
7933,0
9129,0
19053,1
10188,0
14784,0
3372,0
14246,0
14634,0
8615,0
14767,0
14690,0
2948,0
7061,0
18395,0
11896,0
604,0
16394,0
10232,0
4492,0
14905,0
12816,0
7332,0
17805,0
17897,0
4496,0
13515,0
11622,0
8015,0
6618,0
439,0
8828,0
4837,0
2651,0
17065,0
10514,0
5037,0
5901,0
12837,0
10555,0
14110,0
4316,0
10124,0
17806,0
7745,0
9347,0
6097,0
18623,1
13671,0
6673,0
10992,0
1745,0
1417,0
17564,0
8778,0
3351,0
10692,0
18742,1
16585,0
12965,0
4442,0
11415,0
18006,0
3663,0
13415,0
11562,0
11091,0
8169,0
18763,1
389,0
8610,0
11337,0
5769,0
13891,0
1246,0
9562,0
8579,0
13463,0
18832,1
4038,0
18878,1
1109,0
17592,0
3828,0
1291,0
5228,0
10722,0
5702,0
1389,0
8647,0
520,0
6568,0
12041,0
3585,0
2556,0
3803,0
6595,0
1403,0
4742,0
2681,0
17014,0
14086,0
9113,0
13067,0
10790,0
1308,0
15386,0
17143,0
16696,0
10057,0
2579,0
18370,1
14323,0
15186,0
13419,0
13209,0
11988,0
2635,0
2698,0
6925,0
6247,0
5979,0
5701,0
16267,0
5348,0
12169,0
18606,1
5740,0
1727,0
6816,0
7150,0
380,0
18298,1
15084,0
2665,0
7389,0
8723,0
11874,0
6061,0
10667,0
381,0
1339,0
10598,0
1845,0
10335,0
7431,0
15430,0
12875,0
4410,0
14764,0
1198,0
17245,0
5787,0
46,0
12201,0
14066,0
16589,0
11624,0
9118,0
12677,0
6041,0
14678,0
15712,0
18063,0
4892,0
4218,0
16173,0
9874,0
808,0
4299,0
11716,0
10729,0
2784,0
9196,0
8481,0
15110,0
10178,0
10316,0
9552,0
2233,0
18425,0
10417,0
4741,0
7840,0
13429,0
4462,0
15304,0
12703,0
1709,0
5824,0
13402,0
10866,0
11160,0
6931,0
4875,0
13827,0
13428,0
4612,0
5475,0
6251,0
447,0
13513,0
4478,0
11503,0
12069,0
4389,0
12548,0
9299,0
15925,0
15429,0
18404,0
566,0
16801,0
9825,0
15379,0
3024,0
1947,0
10385,0
6988,0
7835,0
4035,0
17727,0
897,0
17849,0
2093,0
17536,0
14765,0
1516,0
13064,0
7381,0
15384,0
8059,0
14365,0
2817,0
14712,0
9297,0
14207,0
2141,0
13034,0
996,0
3378,0
16000,0
15968,0
2816,0
11545,0
11989,0
16640,0
9281,0
803,0
7563,0
6663,0
11070,0
18538,1
17840,0
5700,0
3188,0
4616,0
1829,0
12071,0
8474,0
18895,1
15253,0
1887,0
12913,0
151,0
6975,0
4133,0
1093,0
7716,0
11305,0
15620,0
17273,0
15142,0
9125,0
1059,0
13314,0
6166,0
11719,0
47,0
11458,0
533,0
16085,0
10394,0
9701,0
3224,0
18760,1
12310,0
16668,0
12855,0
18604,1
16594,0
13638,0
4107,0
7653,0
921,0
16029,0
11292,0
17761,0
644,0
5671,0
5579,0
11360,0
5060,0
10030,0
3117,0
14317,0
6894,0
4129,0
13670,0
8760,0
13895,0
4787,0
4277,0
3486,0
15007,0
5434,0
2704,0
15490,0
15120,0
5296,0
6540,0
19029,1
17314,0
3297,0
15788,0
10978,0
14609,0
11879,0
2769,0
15426,0
12363,0
318,0
117,0
4807,0
19017,1
9926,0
17510,0
13764,0
11538,0
17218,0
11324,0
5648,0
12386,0
6210,0
728,0
3439,0
8049,0
13766,0
14084,0
11669,0
6897,0
14417,0
7391,0
13873,0
13084,0
2308,0
18352,1
3764,0
14148,0
3110,0
4286,0
18843,1
15434,0
243,0
2280,0
10637,0
2041,0
16892,0
1538,0
8807,0
2285,0
3319,0
13693,0
782,0
8713,0
16058,0
10227,0
8751,0
18216,0
3266,0
11423,0
15666,0
16704,0
3595,0
9560,0
4514,0
7272,0
4570,0
14804,0
3830,0
1897,0
18379,0
16809,0
7358,0
1407,0
2597,0
9401,0
2105,0
15334,0
10496,0
18466,1
6532,0
18318,1
2902,0
14186,0
4606,0
10479,0
3646,0
15148,0
7689,0
4893,0
10404,0
16978,0
18953,1
11825,0
6679,0
4750,0
2953,0
10478,0
17123,0
15217,0
10093,0
17754,0
16619,0
9763,0
1659,0
5324,0
3191,0
14954,0
16685,0
13334,0
7296,0
15059,0
12067,0
13522,0
16213,0
17854,0
8616,0
7076,0
9575,0
9025,0
14302,0
10421,0
10974,0
3915,0
6739,0
11922,0
6005,0
11349,0
2992,0
17977,0
2235,0
19071,1
6857,0
4701,0
11610,0
3304,0
8882,0
13619,0
18249,1
17166,0
12302,0
919,0
15211,0
7490,0
6859,0
18588,1
17853,0
11312,0
723,0
4530,0
4423,0
9141,0
2908,0
19067,1
13105,0
10099,0
3171,0
16425,0
5610,0
18008,0
4276,0
1613,0
9423,0
11767,0
6105,0
2967,0
6956,0
2072,0
3320,0
13370,0
15019,0
9714,0
5703,0
7797,0
2946,0
17790,0
405,0
17892,0
7593,0
16374,0
311,0
14561,0
11176,0
8809,0
12168,0
13990,0
14444,0
16210,0
5190,0
6550,0
820,0
6714,0
11012,0
3456,0
13069,0
11388,0
12017,0
13343,0
12375,0
4597,0
5147,0
12858,0
973,0
10706,0
10447,0
14278,0
12308,0
15480,0
17921,0
8524,0
3038,0
7016,0
12946,0
17483,0
17575,0
7599,0
17646,0
1197,0
1695,0
13597,0
17192,0
4905,0
3471,0
519,0
16538,0
11840,0
12284,0
18911,1
17278,0
6239,0
9278,0
17581,0
12064,0
4512,0
13095,0
15800,0
17053,0
3463,0
15276,0
15526,0
6215,0
16076,0
17867,0
3921,0
1705,0
8556,0
8082,0
6212,0
6985,0
13978,0
4005,0
8595,0
18199,1
941,0
11517,0
12808,0
12361,0
6879,0
1241,0
7262,0
10109,0
10363,0
7889,0
1340,0
8157,0
10818,0
13228,0
10235,0
5717,0
14133,0
6311,0
12022,0
2490,0
14845,0
11715,0
17589,0
12881,0
18312,0
1559,0
3543,0
6521,0
4328,0
2878,0
9800,0
154,0
4592,0
3933,0
18663,1
8588,0
11134,0
9894,0
6869,0
5951,0
18608,1
2600,0
16477,0
4417,0
10185,0
14903,0
5295,0
3258,0
16674,0
3982,0
12066,0
2038,0
3854,0
18576,1
5106,0
7459,0
8033,0
16476,0
15044,0
5996,0
5372,0
10903,0
16015,0
13196,0
2042,0
6279,0
7908,0
14602,0
6135,0
16110,0
5201,0
9596,0
3302,0
9801,0
13112,0
16530,0
11189,0
11816,0
11461,0
12551,0
14359,0
8568,0
3673,0
13287,0
11082,0
2574,0
357,0
12840,0
14305,0
393,0
2845,0
6067,0
17930,0
10428,0
6107,0
7122,0
10129,0
6015,0
1592,0
631,0
3953,0
8383,0
15638,0
14816,0
8002,0
15370,0
3846,0
12427,0
18418,1
6915,0
9285,0
3742,0
10774,0
6036,0
12553,0
9788,0
18350,1
7583,0
11878,0
5874,0
13451,0
18777,1
18752,1
16296,0
4980,0
1328,0
10629,0
9150,0
18094,0
1979,0
2825,0
10036,0
9455,0
11416,0
3839,0
9331,0
16883,0
17542,0
17165,0
9268,0
18944,1
1251,0
2786,0
2543,0
7138,0
5079,0
7505,0
6923,0
15366,0
13599,0
3209,0
2171,0
7087,0
18656,1
16154,0
17026,0
14057,0
6365,0
5783,0
6883,0
11492,0
2388,0
10509,0
15006,0
6431,0
12618,0
12984,0
19007,1
18685,1
1669,0
8361,0
2074,0
10987,0
1299,0
9753,0
10704,0
18833,1
15317,0
17406,0
15837,0
18744,1
12296,0
9359,0
17239,0
16356,0
9368,0
858,0
4507,0
7853,0
6096,0
4936,0
12445,0
6757,0
3242,0
12015,0
775,0
1593,0
4847,0
12806,0
12768,0
9948,0
13319,0
17254,0
4114,0
2570,0
13421,0
6039,0
1320,0
14288,0
18510,1
4022,0
495,0
7809,0
3453,0
18381,0
16581,0
17362,0
8356,0
3970,0
6099,0
13346,0
7310,0
764,0
18839,1
785,0
4752,0
2410,0
15742,0
15453,0
3178,0
9457,0
14642,0
18485,1
3338,0
6786,0
12324,0
4294,0
11017,0
14631,0
18563,1
5870,0
7012,0
2987,0
5898,0
13155,0
11102,0
1986,0
7966,0
8772,0
15863,0
7343,0
18716,1
5214,0
17708,0
7403,0
10126,0
15335,0
9784,0
16819,0
4644,0
15503,0
2103,0
6725,0
3216,0
15507,0
6000,0
14363,0
2381,0
7655,0
18954,1
435,0
16127,0
3179,0
9158,0
3733,0
18773,1
14567,0
17952,0
18782,1
15612,0
4548,0
16967,0
17163,0
15464,0
15193,0
12587,0
4204,0
7393,0
1996,0
11846,0
4255,0
11629,0
3007,0
15572,0
14203,0
179,0
9855,0
5499,0
4325,0
12567,0
14922,0
13534,0
346,0
17378,0
3637,0
15545,0
6226,0
3975,0
17021,0
13500,0
2719,0
2193,0
9032,0
12340,0
7502,0
14479,0
1000,0
14486,0
1383,0
3907,0
5121,0
2082,0
6009,0
8198,0
14759,0
12874,0
1545,0
2005,0
10267,0
11045,0
16369,0
7331,0
13388,0
12967,0
5922,0
12464,0
11864,0
5507,0
10037,0
2145,0
12349,0
6590,0
9583,0
14282,0
16972,0
6075,0
2475,0
4712,0
8728,0
11497,0
329,0
6817,0
2515,0
6495,0
9903,0
3391,0
12873,0
5446,0
12055,0
9403,0
9582,0
11850,0
11760,0
12975,0
630,0
5171,0
9794,0
15674,0
15729,0
11676,0
2340,0
3659,0
14941,0
234,0
13165,0
639,0
5157,0
14065,0
14681,0
383,0
3976,0
17706,0
11886,0
4585,0
2687,0
5303,0
1738,0
1757,0
13655,0
8430,0
9184,0
15128,0
4960,0
15592,0
9838,0
11724,0
7922,0
3627,0
5361,0
1278,0
14950,0
18097,0
6223,0
11855,0
2091,0
1651,0
17097,0
6680,0
16738,0
3036,0
13900,0
14800,0
14439,0
15229,0
14558,0
104,0
7028,0
12982,0
8066,0
10026,0
17740,0
11723,0
3852,0
12466,0
3806,0
2852,0
2641,0
7095,0
3756,0
5058,0
18441,0
3025,0
5229,0
9940,0
8743,0
16346,0
18694,1
17467,0
4815,0
18503,0
876,0
9680,0
4504,0
2155,0
5444,0
11354,0
4397,0
19044,1
3837,0
2406,0
12105,0
10419,0
7891,0
11092,0
1326,0
3954,0
15901,0
14775,0
13427,0
13836,0
17189,0
1167,0
18058,0
14001,0
3822,0
12644,0
10588,0
15613,0
1335,0
3286,0
962,0
5071,0
18309,0
18558,1
8612,0
14811,0
6737,0
8606,0
16037,0
9295,0
3730,0
16445,0
7783,0
6609,0
7338,0
18157,1
9655,0
18468,1
8978,0
4506,0
17660,0
7993,0
15223,0
9173,0
4732,0
14802,0
1570,0
6313,0
4386,0
1332,0
9621,0
493,0
2582,0
6395,0
1924,0
16084,0
12452,0
10724,0
16793,0
5050,0
14601,0
7070,0
3134,0
7256,0
12397,0
13941,0
4823,0
1575,0
17555,0
13085,0
17339,0
18983,1
5075,0
17265,0
7843,0
6132,0
15570,0
9241,0
7749,0
18966,1
18304,1
724,0
10705,0
13710,0
11215,0
6314,0
18761,1
13218,0
14366,0
10527,0
8800,0
16599,0
7893,0
17649,0
2706,0
8465,0
5529,0
6225,0
7864,0
5705,0
13172,0
16415,0
18211,1
8120,0
6235,0
18100,0
6440,0
17438,0
11221,0
16667,0
4057,0
2945,0
15307,0
10254,0
1526,0
16130,0
17347,0
8161,0
138,0
8037,0
13332,0
1866,0
6182,0
9707,0
5967,0
15341,0
18207,0
9982,0
17279,0
3539,0
12157,0
7198,0
6594,0
12505,0
10265,0
5288,0
1276,0
13532,0
7218,0
9766,0
15248,0
15416,0
1363,0
2231,0
13464,0
3013,0
8967,0
8693,0
3892,0
7793,0
5114,0
8251,0
6237,0
12295,0
16125,0
11791,0
10606,0
8289,0
6106,0
7081,0
564,0
15303,0
2678,0
2177,0
11377,0
10600,0
2052,0
14516,0
2209,0
3708,0
9937,0
16442,0
7078,0
1153,0
1584,0
5339,0
3601,0
11173,0
7641,0
7951,0
7990,0
18208,1
7782,0
17080,0
10654,0
15228,0
17763,0
6266,0
558,0
5373,0
1933,0
14615,0
2170,0
13340,0
14723,0
13581,0
1271,0
6086,0
906,0
147,0
8770,0
3169,0
3203,0
2770,0
12888,0
13310,0
18154,0
11836,0
14399,0
12554,0
15046,0
13653,0
15101,0
15967,0
4336,0
16491,0
15897,0
16393,0
3800,0
16861,0
2400,0
1849,0
14745,0
10864,0
18041,0
10832,0
9750,0
16531,0
5786,0
2232,0
7728,0
9824,0
17001,0
1824,0
13036,0
5015,0
628,0
4841,0
10321,0
10142,0
7240,0
19011,1
5013,0
10771,0
7155,0
9010,0
5083,0
7816,0
7369,0
4358,0
3330,0
14346,0
15205,0
14463,0
1100,0
13785,0
18719,1
10920,0
3388,0
5274,0
17108,0
1038,0
7066,0
2313,0
3787,0
5305,0
9840,0
402,0
5282,0
16633,0
998,0
18066,0
2473,0
14881,0
13519,0
1401,0
11120,0
14578,0
11925,0
15352,0
9918,0
14100,0
7497,0
1912,0
10979,0
10786,0
1572,0
16238,0
2727,0
14309,0
656,0
16890,0
1650,0
9482,0
3161,0
12856,0
7711,0
18845,1
13151,0
4479,0
5592,0
11322,0
17015,0
1410,0
10010,0
5894,0
4721,0
9736,0
17319,0
24,0
15377,0
4052,0
2593,0
4852,0
9617,0
6175,0
4406,0
8733,0
12437,0
5031,0
9149,0
3690,0
18880,1
5359,0
14008,0
8696,0
11334,0
5162,0
12786,0
12961,0
13928,0
6514,0
11480,0
18394,0
13780,0
1582,0
12647,0
1057,0
9293,0
2504,0
1497,0
8905,0
5900,0
18535,0
17150,0
11739,0
17902,0
13089,0
1552,0
18929,1
14858,0
9034,0
13899,0
597,0
5436,0
2027,0
6451,0
316,0
4006,0
13906,0
5317,0
18620,1
11152,0
13122,0
10088,0
4122,0
12405,0
2833,0
2652,0
2585,0
13025,0
12193,0
18556,1
9924,0
8,0
9984,0
9200,0
18005,0
11027,0
18860,1
4272,0
8627,0
5152,0
17688,0
4579,0
8564,0
12009,0
18591,1
14959,0
14356,0
9816,0
15520,0
13672,0
12783,0
12271,0
18380,0
13973,0
17821,0
7096,0
12895,0
10104,0
9891,0
14222,0
1172,0
453,0
9862,0
5326,0
14422,0
14513,0
1286,0
16790,0
6178,0
5918,0
18467,0
3311,0
2182,0
8156,0
158,0
11884,0
3369,0
3078,0
10035,0
12803,0
11770,0
555,0
7984,0
16915,0
2785,0
6641,0
13049,0
5377,0
6565,0
14735,0
13901,0
4186,0
13998,0
1300,0
15931,0
9492,0
7714,0
3523,0
10929,0
9116,0
18333,0
17208,0
8113,0
11704,0
18759,1
6696,0
5555,0
16073,0
5819,0
15208,0
4877,0
10552,0
8622,0
15024,0
6479,0
15684,0
11847,0
18038,0
5637,0
7592,0
3993,0
632,0
2266,0
13475,0
5958,0
14125,0
5453,0
10483,0
12140,0
277,0
7257,0
2841,0
4991,0
6772,0
7209,0
7906,0
4197,0
1080,0
784,0
7354,0
4424,0
745,0
2287,0
3237,0
2907,0
1716,0
4959,0
8928,0
15405,0
12076,0
16311,0
14818,0
14831,0
17067,0
9,0
1165,0
15658,0
9139,0
2220,0
1931,0
8043,0
10960,0
18738,1
12004,0
13210,0
12605,0
2456,0
7348,0
6567,0
6849,0
910,0
15076,0
13050,0
2964,0
18183,1
2335,0
5092,0
2771,0
14674,0
10445,0
12959,0
9018,0
599,0
14691,0
10956,0
7103,0
11829,0
10840,0
4661,0
10362,0
5752,0
936,0
7376,0
9683,0
7844,0
484,0
6751,0
5892,0
2079,0
8206,0
15566,0
8549,0
14187,0
5936,0
12839,0
1212,0
13775,0
1469,0
15175,0
2676,0
486,0
14070,0
14103,0
1925,0
8737,0
664,0
18844,1
13092,0
6167,0
7552,0
15456,0
12307,0
7309,0
14522,0
16584,0
2301,0
11550,0
5614,0
17718,0
7479,0
1416,0
1677,0
4259,0
18170,0
17958,0
17092,0
6557,0
15688,0
12430,0
16166,0
740,0
1816,0
18764,1
4515,0
18383,1
11661,0
7842,0
12825,0
12350,0
8949,0
16827,0
15421,0
2257,0
5316,0
13273,0
14801,0
7586,0
2941,0
4315,0
12285,0
14564,0
5336,0
10792,0
6633,0
17869,0
17418,0
1490,0
4183,0
10183,0
4919,0
16874,0
8619,0
5486,0
5601,0
15736,0
3126,0
10218,0
5250,0
7007,0
9319,0
16548,0
14340,0
6403,0
14708,0
4411,0
14450,0
3692,0
17392,0
2212,0
748,0
5360,0
10451,0
10953,0
9301,0
1152,0
16052,0
603,0
9431,0
17212,0
7941,0
10912,0
7647,0
16170,0
6937,0
5736,0
15655,0
8410,0
6326,0
12264,0
2455,0
9065,0
1353,0
14498,0
10355,0
9296,0
4944,0
18864,1
9428,0
9000,0
15932,0
7360,0
12256,0
6358,0
17607,0
10756,0
8708,0
17508,0
3328,0
12680,0
5284,0
6723,0
671,0
12244,0
11413,0
12077,0
8252,0
3186,0
4769,0
15166,0
7440,0
6339,0
16383,0
5930,0
17382,0
12958,0
3633,0
11336,0
13161,0
10202,0
14932,0
9569,0
15498,0
2139,0
6404,0
6393,0
5569,0
2751,0
14218,0
8486,0
14534,0
5640,0
1196,0
11224,0
9056,0
10299,0
755,0
13862,0
5690,0
9426,0
9238,0
3159,0
7433,0
4539,0
8754,0
7579,0
18210,1
6971,0
193,0
9343,0
2450,0
4308,0
10639,0
17091,0
9809,0
11255,0
7790,0
13220,0
8700,0
4560,0
15693,0
3165,0
16109,0
13308,0
7421,0
7434,0
13697,0
10677,0
16653,0
18025,0
17696,0
15839,0
13372,0
7521,0
12032,0
15484,0
18065,0
1096,0
12195,0
15417,0
2642,0
11406,0
11572,0
14525,0
7666,0
18234,1
10727,0
1116,0
5003,0
14645,0
5808,0
17433,0
9081,0
15126,0
8985,0
832,0
5910,0
10423,0
6847,0
1274,0
14126,0
9551,0
18901,1
16937,0
5309,0
3125,0
2011,0
5426,0
561,0
18473,1
15324,0
17632,0
1362,0
843,0
9310,0
2596,0
2549,0
5104,0
1942,0
17699,0
18540,0
5969,0
4043,0
6834,0
13536,0
9267,0
1228,0
2595,0
10200,0
2369,0
18484,1
10170,0
18255,0
33,0
10398,0
6898,0
10789,0
5039,0
18584,1
1860,0
13960,0
17615,0
16947,0
3960,0
15929,0
7337,0
17443,0
1139,0
8344,0
5033,0
17100,0
14692,0
12507,0
13840,0
12199,0
16340,0
11530,0
3251,0
3556,0
11094,0
15130,0
10723,0
18692,1
10890,0
6516,0
8850,0
11890,0
1710,0
15283,0
10507,0
11041,0
1608,0
4925,0
119,0
16534,0
15285,0
3989,0
5638,0
13617,0
13198,0
11302,0
15662,0
16715,0
7119,0
567,0
7363,0
6924,0
14331,0
17236,0
14299,0
16561,0
13743,0
13411,0
10159,0
10538,0
13918,0
2186,0
4105,0
14099,0
17195,0
11220,0
1861,0
15825,0
5135,0
6561,0
16648,0
16329,0
1700,0
4531,0
12866,0
18323,1
13598,0
18457,1
7669,0
10915,0
8822,0
12922,0
18948,1
10982,0
5318,0
2761,0
7238,0
3181,0
1346,0
14660,0
9012,0
1600,0
10887,0
2530,0
18251,0
16308,0
7632,0
1548,0
4123,0
17638,0
12678,0
204,0
15615,0
6951,0
4812,0
17548,0
13753,0
2102,0
12563,0
18766,1
7726,0
524,0
13373,0
10539,0
9732,0
5335,0
16781,0
6873,0
8933,0
4060,0
10768,0
9171,0
3977,0
17605,0
1190,0
17606,0
15454,0
11482,0
4581,0
10485,0
4003,0
850,0
17992,0
10532,0
16869,0
3172,0
16334,0
1027,0
10635,0
15467,0
7523,0
17217,0
16536,0
11697,0
13583,0
4049,0
11690,0
8744,0
5416,0
9487,0
15381,0
15515,0
12591,0
17573,0
1647,0
8817,0
17532,0
8890,0
16935,0
8611,0
6477,0
6864,0
13994,0
9387,0
932,0
17795,0
16742,0
997,0
18,0
8841,0
5691,0
3327,0
2006,0
16992,0
12870,0
14545,0
4899,0
2601,0
18179,0
6454,0
15258,0
14174,0
15348,0
19058,1
17949,0
4543,0
10788,0
17052,0
18654,1
16332,0
6501,0
8824,0
2692,0
6306,0
10814,0
4896,0
17175,0
5472,0
13483,0
18427,1
15504,0
5226,0
8055,0
4367,0
10932,0
1260,0
9311,0
8633,0
2030,0
13625,0
16277,0
13494,0
2984,0
12995,0
4472,0
10752,0
13479,0
17110,0
16993,0
2971,0
6117,0
7888,0
9576,0
18706,1
6409,0
7101,0
4110,0
1645,0
2000,0
4441,0
11595,0
17109,0
915,0
16488,0
16963,0
14132,0
5048,0
18026,0
7923,0
8992,0
15340,0
3373,0
16794,0
7121,0
8046,0
13896,0
13349,0
15616,0
4418,0
5580,0
12155,0
10504,0
13055,0
15262,0
14135,0
15687,0
6662,0
9375,0
16909,0
14364,0
18169,0
3400,0
3006,0
10529,0
11590,0
8883,0
7520,0
8526,0
10317,0
4270,0
5724,0
10432,0
9534,0
14771,0
2433,0
2293,0
4810,0
10690,0
17742,0
12700,0
18297,1
2272,0
13413,0
9266,0
15481,0
16661,0
14138,0
10438,0
73,0
13048,0
17473,0
6066,0
9249,0
14915,0
16676,0
260,0
8703,0
13242,0
5804,0
2484,0
2143,0
10114,0
10574,0
13816,0
9947,0
5600,0
8451,0
11832,0
1888,0
14072,0
6980,0
17320,0
17176,0
1168,0
14240,0
10951,0
15720,0
12638,0
1789,0
5254,0
18658,1
8884,0
15252,0
14809,0
809,0
1591,0
2402,0
2250,0
18261,0
2413,0
3864,0
6318,0
8247,0
13313,0
5286,0
3748,0
5381,0
9205,0
14362,0
7530,0
14526,0
5547,0
12957,0
210,0
12649,0
11525,0
17464,0
2339,0
163,0
11898,0
7695,0
12596,0
18665,1
5,0
15067,0
12983,0
5154,0
846,0
12268,0
12390,0
4293,0
4840,0
2899,0
1524,0
510,0
872,0
12378,0
10096,0
4636,0
3162,0
8573,0
634,0
266,0
2393,0
840,0
7957,0
6537,0
13177,0
10575,0
2114,0
13636,0
18723,1
7513,0
8530,0
11729,0
11483,0
5206,0
3967,0
11003,0
13935,0
45,0
5514,0
14743,0
10579,0
1088,0
3276,0
17677,0
17711,0
11519,0
4883,0
7071,0
5792,0
13270,0
6645,0
11280,0
6759,0
4981,0
8752,0
15652,0
18011,0
2553,0
13303,0
4510,0
930,0
9837,0
15981,0
4687,0
332,0
5759,0
6823,0
17023,0
1290,0
3495,0
6462,0
8991,0
281,0
13408,0
10425,0
18091,0
7928,0
17935,0
15511,0
12174,0
12258,0
7346,0
2928,0
11801,0
4827,0
5515,0
8838,0
1282,0
8773,0
11476,0
18561,1
7611,0
5871,0
17352,0
8448,0
5056,0
2952,0
11071,0
6512,0
8912,0
1493,0
4629,0
6240,0
6661,0
18906,1
6064,0
11826,0
16982,0
3739,0
13560,0
8051,0
7876,0
13051,0
11603,0
2864,0
4173,0
3505,0
15042,0
2872,0
5821,0
15132,0
3842,0
1886,0
4927,0
7460,0
6909,0
17558,0
7603,0
14652,0
3752,0
13644,0
9181,0
14620,0
6684,0
15885,0
6272,0
6983,0
7674,0
8812,0
3554,0
7814,0
15115,0
9978,0
1976,0
3949,0
18197,0
7250,0
5077,0
2457,0
6513,0
12812,0
18321,0
2420,0
7183,0
9642,0
14730,0
5937,0
6321,0
13476,0
14073,0
11462,0
5502,0
15474,0
5662,0
11952,0
6220,0
6522,0
15210,0
16938,0
5181,0
14124,0
9674,0
12622,0
8531,0
1040,0
12359,0
16592,0
16508,0
8184,0
6627,0
10153,0
12410,0
12724,0
7098,0
4861,0
18051,0
14281,0
13053,0
4608,0
5862,0
7341,0
18464,1
8581,0
13677,0
2961,0
13505,0
3102,0
12572,0
1786,0
16235,0
8083,0
2064,0
13362,0
3732,0
8387,0
9695,0
9484,0
8300,0
16737,0
2351,0
12948,0
11104,0
4748,0
19024,1
6376,0
1117,0
11018,0
7295,0
12844,0
15387,0
15240,0
2344,0
7157,0
576,0
4340,0
17965,0
12365,0
15015,0
12658,0
15853,0
16527,0
2766,0
11457,0
8799,0
10856,0
16180,0
18986,1
1704,0
16624,0
14829,0
5397,0
9101,0
3331,0
4174,0
2396,0
9767,0
3421,0
3482,0
9147,0
16846,0
17093,0
12656,0
6660,0
3726,0
15889,0
13493,0
17244,0
9084,0
6351,0
14468,0
6841,0
6577,0
7312,0
14441,0
6746,0
7602,0
16443,0
2100,0
15955,0
1070,0
727,0
5722,0
5454,0
10524,0
11962,0
5891,0
7201,0
18748,1
15139,0
15589,0
14843,0
5128,0
17381,0
8102,0
7952,0
13221,0
18159,0
12683,0
4647,0
13074,0
14975,0
9951,0
12797,0
15815,0
7147,0
1380,0
17366,0
9647,0
2474,0
7838,0
6781,0
12774,0
10071,0
12749,0
14880,0
92,0
4881,0
8831,0
3488,0
16095,0
13846,0
3012,0
2403,0
5933,0
1517,0
5439,0
1265,0
9307,0
66,0
10405,0
3223,0
18631,1
15168,0
1101,0
2173,0
11588,0
5945,0
2270,0
120,0
4985,0
4181,0
6656,0
4796,0
9517,0
1329,0
14581,0
5659,0
17249,0
10717,0
13919,0
15419,0
751,0
6778,0
14893,0
410,0
11897,0
5120,0
13578,0
9667,0
18400,0
17608,0
15640,0
8655,0
8929,0
7544,0
12574,0
17295,0
14909,0
14935,0
13979,0
7426,0
2040,0
18812,1
10526,0
18504,1
13929,0
17847,0
3001,0
8539,0
18994,1
15809,0
11865,0
9867,0
8974,0
2677,0
13882,0
18244,0
5243,0
15315,0
7817,0
9349,0
7107,0
2196,0
18329,1
16462,0
199,0
2531,0
3802,0
16262,0
10357,0
96,0
18217,0
17324,0
5069,0
9469,0
355,0
17442,0
515,0
18612,1
15916,0
9075,0
3301,0
17659,0
2267,0
11695,0
15886,0
18842,1
14953,0
4267,0
2888,0
2319,0
3103,0
6930,0
10439,0
9830,0
16451,0
16268,0
10541,0
17801,0
9832,0
8382,0
6128,0
6644,0
14200,0
11316,0
10380,0
3061,0
2723,0
3700,0
9414,0
10049,0
328,0
5685,0
10746,0
17549,0
452,0
8661,0
26,0
401,0
1872,0
13066,0
17504,0
12242,0
3899,0
3467,0
9099,0
18861,1
5302,0
5220,0
3552,0
2017,0
14121,0
16440,0
11706,0
2489,0
198,0
17863,0
6221,0
16163,0
16276,0
8152,0
14153,0
2856,0
15371,0
18408,0
11060,0
12070,0
9986,0
8598,0
11903,0
9334,0
1225,0
18775,1
1978,0
3698,0
18274,0
7624,0
9998,0
8646,0
3213,0
14869,0
12521,0
11225,0
6578,0
4682,0
19040,1
3804,0
14619,0
10649,0
9351,0
18933,1
13253,0
6646,0
18526,0
3233,0
5764,0
5148,0
9942,0
17594,0
13043,0
11965,0
18998,1
6529,0
7210,0
2707,0
18302,1
13808,0
17135,0
16479,0
3983,0
4779,0
6432,0
2046,0
17830,0
1954,0
16266,0
11670,0
12087,0
2444,0
12133,0
12061,0
17243,0
10922,0
3405,0
10069,0
10503,0
9519,0
11202,0
18180,1
5560,0
6253,0
257,0
4692,0
11307,0
16486,0
12512,0
17177,0
7134,0
9561,0
756,0
17028,0
13590,0
8346,0
7084,0
6874,0
18622,1
2258,0
14973,0
16025,0
3392,0
2909,0
11081,0
11541,0
15552,0
17539,0
14636,0
12345,0
2045,0
11100,0
8402,0
10187,0
2674,0
3741,0
352,0
5084,0
7347,0
14067,0
4942,0
11571,0
18036,0
3499,0
5710,0
7519,0
10194,0
7293,0
2898,0
2951,0
11709,0
9166,0
15325,0
7874,0
125,0
16241,0
9121,0
18700,1
8340,0
9003,0
15231,0
10175,0
13031,0
11005,0
1537,0
3396,0
8626,0
9354,0
3570,0
1561,0
11831,0
4583,0
9498,0
18024,0
18276,1
12859,0
1791,0
6441,0
17127,0
4495,0
3679,0
1768,0
16475,0
8684,0
112,0
1631,0
15025,0
10795,0
2386,0
4335,0
6868,0
7879,0
11961,0
6687,0
15070,0
13939,0
8673,0
6598,0
14251,0
14377,0
8925,0
3056,0
5644,0
18416,1
14830,0
15555,0
11075,0
8134,0
18146,1
618,0
6893,0
2451,0
8706,0
7597,0
3326,0
11784,0
15522,0
5866,0
11496,0
17816,0
9885,0
16053,0
11535,0
6250,0
1847,0
7462,0
12986,0
18856,1
2306,0
11288,0
10679,0
5775,0
13396,0
2194,0
7413,0
18720,1
18364,1
5884,0
17777,0
6006,0
796,0
7273,0
16779,0
3212,0
9752,0
11830,0
7414,0
18611,1
8146,0
1664,0
1958,0
16940,0
13364,0
6273,0
15731,0
17060,0
274,0
17933,0
3560,0
5537,0
12243,0
16454,0
12710,0
12884,0
8551,0
5782,0
661,0
12282,0
972,0
738,0
4794,0
3274,0
9676,0
10945,0
10396,0
11867,0
10329,0
7219,0
5865,0
9450,0
17612,0
13688,0
2244,0
10095,0
3683,0
1739,0
16762,0
10401,0
11219,0
9591,0
18740,1
15564,0
13898,0
17396,0
16517,0
17689,0
17521,0
6844,0
7324,0
2486,0
16602,0
2493,0
7534,0
16859,0
298,0
14221,0
10464,0
1345,0
4207,0
10191,0
11421,0
9607,0
956,0
18355,0
8411,0
16342,0
7375,0
17369,0
16628,0
16280,0
12669,0
17907,0
11807,0
8192,0
10247,0
13146,0
14258,0
10427,0
6958,0
4245,0
16970,0
3747,0
17059,0
11735,0
15360,0
13276,0
17495,0
9389,0
17006,0
2494,0
3043,0
2912,0
6510,0
16994,0
18456,0
10731,0
1075,0
9070,0
8522,0
14657,0
6291,0
5002,0
225,0
898,0
5698,0
4209,0
1076,0
15075,0
16307,0
5269,0
9430,0
10165,0
2395,0
13374,0
16804,0
15093,0
2507,0
5942,0
11946,0
13107,0
4902,0
9691,0
11948,0
270,0
16751,0
8308,0
10670,0
2227,0
9286,0
1784,0
4125,0
17975,0
9088,0
9242,0
2861,0
6887,0
16635,0
844,0
3119,0
6961,0
1525,0
16013,0
17480,0
2799,0
18220,0
18624,1
14396,0
11559,0
8779,0
4564,0
15505,0
6710,0
3341,0
7670,0
10892,0
5345,0
99,0
15536,0
16835,0
9976,0
992,0
8776,0
15451,0
10508,0
6030,0
4848,0
2296,0
3121,0
18698,1
2378,0
8394,0
6169,0
12576,0
16553,0
13383,0
715,0
12728,0
15903,0
10216,0
18853,1
10604,0
18607,1
9826,0
10205,0
6469,0
10023,0
965,0
11997,0
13988,0
2781,0
10459,0
9337,0
1161,0
17089,0
7904,0
4117,0
9167,0
5906,0
4289,0
10019,0
16763,0
18987,1
7498,0
5061,0
17341,0
14427,0
15196,0
511,0
3572,0
7801,0
6112,0
7392,0
1508,0
7659,0
18039,0
12675,0
9002,0
17337,0
12332,0
10089,0
18634,1
13633,0
9627,0
6889,0
2612,0
1927,0
10356,0
12625,0
780,0
25,0
8263,0
1445,0
3130,0
2462,0
19027,1
15715,0
649,0
4239,0
341,0
18806,1
9755,0
7370,0
10470,0
11121,0
15156,0
17886,0
5589,0
4077,0
5308,0
14665,0
5773,0
9211,0
16289,0
350,0
16645,0
16891,0
16902,0
10772,0
13726,0
10277,0
11580,0
4461,0
14725,0
2944,0
1637,0
1460,0
3424,0
10824,0
12117,0
11764,0
12137,0
14322,0
12335,0
16795,0
13309,0
5613,0
5445,0
15784,0
18479,0
13793,0
7033,0
7770,0
8320,0
7220,0
8151,0
7865,0
9865,0
2391,0
10486,0
13664,0
1922,0
8452,0
15529,0
9315,0
4346,0
12788,0
4876,0
7955,0
8018,0
935,0
3941,0
2106,0
9131,0
16158,0
18824,1
11502,0
11074,0
4828,0
15499,0
5568,0
18552,0
15494,0
3192,0
10341,0
5471,0
8903,0
12905,0
9231,0
4059,0
271,0
16526,0
5598,0
7029,0
12951,0
15039,0
9845,0
16741,0
15763,0
790,0
8664,0
3296,0
5549,0
12079,0
2221,0
13725,0
11708,0
16143,0
11647,0
7307,0
14732,0
14852,0
6608,0
7328,0
15848,0
10955,0
10147,0
1002,0
6697,0
12732,0
14651,0
19041,1
8081,0
10528,0
14260,0
948,0
17634,0
16063,0
3676,0
3219,0
15224,0
9949,0
36,0
268,0
12389,0
966,0
9917,0
3724,0
3651,0
4765,0
5585,0
8181,0
5997,0
6340,0
15854,0
17072,0
5545,0
11556,0
4653,0
18863,1
7754,0
629,0
11725,0
11407,0
18637,1
16136,0
3053,0
11892,0
11282,0
3833,0
14387,0
5241,0
2295,0
9619,0
16371,0
5542,0
6845,0
11773,0
8492,0
16390,0
2731,0
10851,0
2479,0
8396,0
11928,0
10592,0
6400,0
2169,0
2371,0
9282,0
6699,0
10199,0
5357,0
8434,0
16364,0
6813,0
13788,0
17008,0
3371,0
5237,0
5665,0
9491,0
5683,0
5455,0
6526,0
12234,0
17835,0
1207,0
8270,0
5704,0
16233,0
16588,0
2663,0
8216,0
7963,0
7213,0
5647,0
5458,0
10652,0
3555,0
16413,0
6548,0
1577,0
13890,0
798,0
14621,0
12191,0
10547,0
15311,0
2175,0
1852,0
6810,0
14502,0
5498,0
8057,0
162,0
12906,0
6371,0
10270,0
4121,0
7221,0
18609,1
12304,0
13614,0
3470,0
61,0
4481,0
15082,0
4982,0
11063,0
507,0
13258,0
6419,0
12936,0
663,0
924,0
4357,0
14978,0
6728,0
1030,0
2822,0
11558,0
17569,0
18937,1
18453,0
10817,0
12892,0
11398,0
6584,0
10140,0
295,0
7191,0
7303,0
12779,0
3335,0
12949,0
3655,0
13722,0
10062,0
4243,0
18808,1
5596,0
3722,0
7554,0
10375,0
4971,0
8707,0
5429,0
10003,0
1364,0
5854,0
12367,0
13353,0
17576,0
8678,0
12392,0
10858,0
3397,0
15109,0
17609,0
13792,0
5057,0
11096,0
2394,0
16977,0
6911,0
4937,0
3381,0
18574,1
17910,0
12123,0
16860,0
17759,0
7762,0
2149,0
17402,0
7003,0
14107,0
17011,0
6534,0
10242,0
18669,1
1614,0
14927,0
15018,0
18923,1
11369,0
18421,0
17261,0
1062,0
3116,0
247,0
8843,0
4046,0
4879,0
766,0
11553,0
10938,0
5666,0
17559,0
14424,0
5911,0
11243,0
14607,0
1429,0
12257,0
8704,0
14972,0
10845,0
9252,0
6686,0
9588,0
16322,0
14968,0
1736,0
1963,0
3619,0
17000,0
6439,0
16150,0
2323,0
4400,0
11838,0
13398,0
3590,0
5376,0
4704,0
12423,0
549,0
16578,0
3781,0
16051,0
8604,0
7274,0
15441,0
16090,0
3176,0
2207,0
16719,0
18237,1
12829,0
11926,0
14705,0
10144,0
1450,0
5548,0
10229,0
6137,0
8125,0
13367,0
7561,0
8121,0
14714,0
492,0
18805,1
6233,0
17652,0
11796,0
2837,0
12454,0
13885,0
17698,0
6133,0
8365,0
9122,0
7939,0
1602,0
2809,0
17169,0
12171,0
15038,0
18727,1
6994,0
2127,0
7075,0
3349,0
5465,0
5430,0
8497,0
3498,0
14576,0
3912,0
6583,0
394,0
7083,0
3547,0
17785,0
5244,0
15653,0
5510,0
5385,0
396,0
2607,0
6361,0
15247,0
8262,0
5588,0
10215,0
18807,1
14554,0
8586,0
13359,0
12334,0
869,0
14189,0
1028,0
16406,0
7935,0
1378,0
6430,0
14663,0
3695,0
11181,0
11619,0
11785,0
367,0
18703,1
7226,0
2346,0
16787,0
7992,0
12697,0
13562,0
8362,0
1111,0
444,0
4242,0
15540,0
1454,0
8335,0
18519,1
2738,0
5815,0
18835,1
2464,0
10389,0
2879,0
4147,0
17731,0
3246,0
10080,0
3995,0
13921,0
5855,0
1699,0
6890,0
2165,0
16920,0
8186,0
14716,0
15182,0
11711,0
13167,0
13951,0
5293,0
2124,0
10320,0
10999,0
14742,0
9632,0
4568,0
852,0
2628,0
6208,0
10482,0
7657,0
4759,0
648,0
10926,0
13181,0
15617,0
17296,0
1418,0
3408,0
18414,0
17791,0
15127,0
10703,0
4309,0
7314,0
18338,1
4497,0
15597,0
14435,0
17735,0
14946,0
15462,0
17446,0
8858,0
1697,0
14575,0
2550,0
15528,0
9595,0
4914,0
18888,1
9558,0
12945,0
12969,0
2029,0
6333,0
2411,0
8000,0
4576,0
4413,0
9490,0
10146,0
14007,0
7476,0
12203,0
16767,0
3076,0
1126,0
11748,0
12182,0
14036,0
12012,0
3187,0
12450,0
9136,0
18633,1
9844,0
10408,0
13129,0
12185,0
11568,0
16396,0
3974,0
12272,0
7477,0
14718,0
6867,0
10097,0
9718,0
3938,0
9447,0
4703,0
12662,0
5126,0
13588,0
11249,0
7202,0
10350,0
5053,0
1972,0
1720,0
9717,0
13328,0
6981,0
5872,0
8672,0
4179,0
6026,0
5070,0
14341,0
4739,0
13263,0
4482,0
9144,0
12134,0
704,0
17621,0
7496,0
7253,0
10989,0
466,0
5027,0
16542,0
16320,0
7039,0
283,0
10759,0
17970,0
17276,0
8570,0
9467,0
6749,0
3450,0
8906,0
3620,0
11198,0
5046,0
1701,0
19000,1
12482,0
18334,1
15557,0
15690,0
10590,0
942,0
11683,0
5805,0
6201,0
7091,0
14543,0
6709,0
752,0
17379,0
15163,0
14849,0
11759,0
6818,0
6766,0
2090,0
8319,0
5212,0
